{
	"format_version": "1.21.0",
	"minecraft:block": {
		"description": {
			"identifier": "noxcrew.ft:cake_slice",
			"is_experimental": true,
			"register_to_creative_menu": true,
			"menu_category": {
				"category": "construction",
				"group": ""
			},
			"traits": {
				"minecraft:placement_direction": {
					"enabled_states": [
						"minecraft:cardinal_direction"
					],
					"y_rotation_offset": 0
				}
			}
		},
		"components": {
			"minecraft:collision_box": {
				"enabled": 1,
				"origin": [
					-5.5,
					0,
					-5.5
				],
				"size": [
					11,
					7,
					11
				]
			},
			"minecraft:geometry": "geometry.n.ft.cake_slice",
			"minecraft:material_instances": {
				"*": {
					"ambient_occlusion": true,
					"face_dimming": true,
					"render_method": "opaque",
					"texture": "cake_slice"
				}
			},
			"minecraft:selection_box": {
				"enabled": 1,
				"origin": [
					-5.5,
					0,
					-5.5
				],
				"size": [
					11,
					7,
					11
				]
			}
		},
		"permutations": [
			{
				"components": {
					"minecraft:transformation": {
						"rotation": [
							0,
							0,
							0
						],
						"scale": [
							1,
							1,
							1
						],
						"translation": [
							0,
							0,
							0
						]
					}
				},
				"condition": "q.block_state('minecraft:cardinal_direction') == 'south'"
			},
			{
				"components": {
					"minecraft:transformation": {
						"rotation": [
							0,
							180,
							0
						],
						"scale": [
							1,
							1,
							1
						],
						"translation": [
							0,
							0,
							0
						]
					}
				},
				"condition": "q.block_state('minecraft:cardinal_direction') == 'north'"
			},
			{
				"components": {
					"minecraft:transformation": {
						"rotation": [
							0,
							90,
							0
						],
						"scale": [
							1,
							1,
							1
						],
						"translation": [
							0,
							0,
							0
						]
					}
				},
				"condition": "q.block_state('minecraft:cardinal_direction') == 'east'"
			},
			{
				"components": {
					"minecraft:transformation": {
						"rotation": [
							0,
							270,
							0
						],
						"scale": [
							1,
							1,
							1
						],
						"translation": [
							0,
							0,
							0
						]
					}
				},
				"condition": "q.block_state('minecraft:cardinal_direction') == 'west'"
			}
		]
	}
}
