{
	"format_version": "1.20.50",
	"minecraft:item": {
		"description": {
			"category": "",
			"identifier": "noxcrew.ft:foam_finger",
			"is_experimental": true
		},
		"components": {
			"item_properties": {
				"allow_off_hand": 0,
				"can_destroy_in_creative": 1,
				"creative_category": 3,
				"creative_group": "",
				"damage": 0,
				"enchantable_slot": "none",
				"enchantable_value": 0,
				"foil": 0,
				"frame_count": 1,
				"hand_equipped": 0,
				"liquid_clipped": 0,
				"max_stack_size": 16,
				"minecraft:icon": {
					"textures": {
						"default": "ft.foam_finger"
					}
				},
				"mining_speed": 1,
				"should_despawn": 1,
				"stacked_by_data": 0,
				"use_animation": 0,
				"use_duration": 0
			},
			"minecraft:icon": {
				"texture": "ft.foam_finger"
			},
			"minecraft:max_stack_size": {
				"value": 16
			}
		}
	}
}
