{
	"format_version": "1.20.50",
	"minecraft:item": {
		"description": {
			"category": "",
			"identifier": "noxcrew.ft:paintbrush_green",
			"is_experimental": true
		},
		"components": {
			"item_properties": {
				"allow_off_hand": 0,
				"can_destroy_in_creative": 1,
				"creative_category": 3,
				"creative_group": "",
				"damage": 0,
				"enchantable_slot": "none",
				"enchantable_value": 0,
				"foil": 0,
				"frame_count": 1,
				"hand_equipped": 0,
				"liquid_clipped": 0,
				"max_stack_size": 1,
				"minecraft:icon": {
					"textures": {
						"default": "ft.brush_green"
					}
				},
				"mining_speed": 1,
				"should_despawn": 1,
				"stacked_by_data": 0,
				"use_animation": 0,
				"use_duration": 2
			},
			"minecraft:icon": {
				"texture": "ft.brush_green"
			},
			"minecraft:interact_button": "action.interact.paint",
			"minecraft:max_stack_size": {
				"value": 1
			},
			"minecraft:shooter": {
				"ammunition": [
					{
						"item": {
							"name": "minecraft:arrow"
						},
						"search_inventory": 1,
						"use_in_creative": 0,
						"use_offhand": 1
					}
				],
				"charge_on_draw": 0,
				"max_draw_duration": 5,
				"scale_power_by_draw_duration": 1
			},
			"minecraft:use_modifiers": {
				"use_duration": 0.1
			}
		}
	}
}
