{
	"format_version": "1.20.50",
	"minecraft:item": {
		"description": {
			"category": "",
			"identifier": "noxcrew.ft:pizza_box",
			"is_experimental": true
		},
		"components": {
			"item_properties": {
				"allow_off_hand": 0,
				"can_destroy_in_creative": 1,
				"creative_category": 4,
				"creative_group": "",
				"damage": 0,
				"enchantable_slot": "none",
				"enchantable_value": 0,
				"foil": 0,
				"frame_count": 1,
				"hand_equipped": 0,
				"liquid_clipped": 0,
				"max_stack_size": 1,
				"minecraft:icon": {
					"textures": {
						"default": "ft.pizza_box"
					}
				},
				"mining_speed": 1,
				"should_despawn": 1,
				"stacked_by_data": 0,
				"use_animation": 0,
				"use_duration": 0
			},
			"minecraft:cooldown": {
				"category": "party",
				"duration": 1
			},
			"minecraft:durability": {
				"damage_chance": {
					"max": 100,
					"min": 100
				},
				"max_durability": 8
			},
			"minecraft:icon": {
				"texture": "ft.pizza_box"
			},
			"minecraft:interact_button": "action.interact.gift",
			"minecraft:max_stack_size": {
				"value": 1
			}
		}
	}
}
